im_performance_curve_name,SlipAndCurrentDependent03,,,,
,,,,,
nameplate,value,unit,,,
input_line_voltage,200.0,V,,,
input_line_current,13.86,A,,,
output_power,3711,W,,,
frequency,50,Hz,,,
,,,,,
fixed_model_key,value,,,,
im_poles,4,,,,
im_circuit_type,T,,,,
im_connection_type,DELTA,,,,
cable_length,0,ft,,,
,,,,,
model_candidate_axis,candidate_1,candidate_2,,,
im_primary,BASIC,SLIP_DEPENDENT_LEAKAGE_SATURATION_V1,,,
im_excitation,CURRENT_DEPENDENT_SATURATION_V1,,,,
im_secondary(single),SLIP_DEPENDENT_SKIN_EFFECT_V1,,,,
im_secondary(double_outer),,,,,
im_secondary(double_inner),,,,,
im_friction_windage,NONE,,,,
im_stray_load,NONE,,,,
cable_conductor_model,,,,,
,,,,,
supply,value,unit,,,
frequency,50,Hz,,,
voltage,200.0,V,,,
,,,,,
rotational_speed,power,current,power_factor,efficiency,torque
[rpm],[-],[%],[-],[-],[N·m]
1500,1.0012793125462175e-11,51.54058509335735,0.073489914663253997,2.0432205920933248e-10,2.3655183459976275e-10
1498.5,0.029359202797296778,51.63867888692918,0.11736176370569729,0.37443773508479244,0.69430428874215333
1497,0.05850170124521513,51.85025291066388,0.16058768557876396,0.54305332684799168,1.3848700775296112
1495.5,0.08742702481488797,52.1728008395017,0.2029009571394402,0.63834366498314488,2.0716749674401957
1494,0.11613475166049503,52.603160761960446,0.24406305080120014,0.69917424257330663,2.7546976243502566
1492.5,0.1446245078166408,53.137600409696574,0.28386922338817178,0.74106917116681448,3.433917765228216
1491,0.17289596639151217,53.77191374045712,0.3221519329275882,0.77144634850675753,4.1093161442450761
1489.5,0.2009488467564578,54.50152308945451,0.35878210277403644,0.79429752467916792,4.7808745387158638
1488,0.22878291373261542,55.32158146115963,0.39366844826495023,0.81196160396906758,5.4485757348857478
1486.5,0.25639797677520426,56.22707032549441,0.42675521730416588,0.82589987455016867,6.112403513574427
1485,0.2837938891560688,57.212889337602434,0.45801876568976713,0.83707233306998219,6.7723426356917855
1483.5,0.31097054714505595,58.27393554748124,0.48746339651751042,0.84613566145818353,7.4283788276378191
1482,0.3379278891907913,59.40517076234677,0.51511685487335179,0.85355424697610516,8.0804987665995132
1480.5,0.36466589510137953,60.601676671954216,0.54102580178369852,0.85966576544316375,8.7286900657565383
1479,0.39118458522558247,61.858698092489476,0.565251511567892,0.86472163737194463,9.3729412594083499
1477.5,0.4174840196349627,63.17167521473193,0.58786595737707248,0.86891291438358276,10.013241788033866
1476,0.443564297307496,64.53626607201679,0.60894837941725544,0.87238737087197715,10.649581983295295
1474.5,0.4694255553131321,65.94836060486311,0.62858237357849278,0.87526110006272351,11.281953052997272
1473,0.4950679680017537,67.40408773056505,0.64685349609566045,0.87762657115686171,11.910347066011772
1471.5,0.5204917461939813,68.8998167658179,0.66384735144966445,0.87955834659001619,12.534756937179385
1470,0.545697136375259,70.43215443219486,0.67964811380687729,0.88111721558966938,13.1551764121972
1468.5,0.5706844198936175,71.99793852501809,0.69433742429862233,0.88235323325102477,13.771600052502864
1467,0.5954539121615194,73.59422916597543,0.70799360484652452,0.88330798893756923,14.384023220164474
1465.5,0.6200059618621582,75.21829840251517,0.72069113187237499,0.88401632276739184,14.99244206278539
1464,0.6443409501605786,76.86761877123509,0.73250031836918361,0.88450764074431076,15.596853498432939
1462.5,0.6684592899199601,78.53985131283845,0.74348715917755215,0.88480693391445153,16.197255200599514
1461,0.6923614249234039,80.23283341460422,0.75371330102545553,0.88493557645047793,16.79364558320448
1459.5,0.7160478291015244,81.94456676268584,0.76323610538304942,0.8849119566581195,17.386023785644554
1458,0.7395190057661586,83.67320560973698,0.77210877812800349,0.8847519803362125,17.974389657900602
1456.5,0.7627754868504806,85.41704550157675,0.78038054525042533,0.88446947563294387,18.558743745708224
1455,0.7858178321557794,87.17451255782154,0.78809685830153642,0.88407652117714386,19.139087275798946
1453.5,0.8086466286051732,88.94415336358202,0.79529961702893492,0.88358371392887647,19.715422141219108
1452,0.8312624895044961,90.7246255005412,0.80202739970511705,0.8830003892852778,20.287750886732784
1450.5,0.8536660538105889,92.51468872428279,0.80831569412543525,0.88233480308416223,20.856076694315089
1449,0.8758579854072,94.31319677914736,0.81419712421265777,0.88159428298472609,21.420403368741422
1447.5,0.8978389723887304,96.1190898309141,0.81970166870087335,0.88078535507255107,21.980735323279209
1446,0.919609726351959,97.931387490195,0.82485686955750981,0.87991385029399483,22.537077565486115
1444.5,0.9411709816960006,99.74918239476304,0.82968802870538594,0.87898499437216593,23.089435683121796
1443,0.9625234949305784,101.57163431641885,0.83421839228383221,0.8780034841199289,23.637815830175899
1441.5,0.9836680439928314,103.39796475692202,0.83846932218668146,0.87697355249182241,24.182224713018719
1440,1.004605427572771,105.22745199753318,0.84246045497428002,0.87589902426703015,24.722669576678115
