im_performance_curve_name,SlipAndCurrentDependent03
name,value,unit
poles,4,-
supply_frequency,50,Hz
supply_voltage,200.0,V

rotational_speed,power,current,power_factor,efficiency,torque
[rpm],[W],[A],[-],[-],[N·m]
1500,3.7157475288590129e-08,7.1435250939393287,0.073489914663253997,2.0432205920933248e-10,2.3655183459976275e-10
1498.5,108.95200158076834,7.1571208937283837,0.11736176370569729,0.37443773508479244,0.69430428874215333
1497,217.09981332099335,7.1864450534180149,0.16058768557876396,0.54305332684799168,1.3848700775296112
1495.5,324.44168908804926,7.2311501963549354,0.2029009571394402,0.63834366498314488,2.0716749674401957
1494,430.97606341209706,7.2907980816077176,0.24406305080120014,0.69917424257330663,2.7546976243502566
1492.5,536.70154850755398,7.3648714167839451,0.28386922338817178,0.74106917116681448,3.433917765228216
1491,641.61693127890169,7.4527872444273573,0.3221519329275882,0.77144634850675753,4.1093161442450761
1489.5,745.72117031321488,7.5539111001983947,0.35878210277403644,0.79429752467916792,4.7808745387158638
1488,849.01339286173584,7.6675711905167248,0.39366844826495023,0.81196160396906758,5.4485757348857478
1486.5,951.49289181278311,7.7930719471135248,0.42675521730416588,0.82589987455016867,6.112403513574427
1485,1053.1591226581713,7.9297064621916968,0.45801876568976713,0.83707233306998219,6.7723426356917855
1483.5,1154.0117004553026,8.0767674668808986,0.48746339651751042,0.84613566145818353,7.4283788276378191
1482,1254.0503967870266,8.2335566676612615,0.51511685487335179,0.85355424697610516,8.0804987665995132
1480.5,1353.2751367212195,8.3993923867328544,0.54102580178369852,0.85966576544316375,8.7286900657565383
1479,1451.6859957721365,8.5736155556190408,0.565251511567892,0.86472163737194463,9.3729412594083499
1477.5,1549.2831968653466,8.7555941847618453,0.58786595737707248,0.86891291438358276,10.013241788033866
1476,1646.0671073081178,8.9447264775815274,0.60894837941725544,0.87238737087197715,10.649581983295295
1474.5,1742.0382357670333,9.1404427798340269,0.62858237357849278,0.87526110006272351,11.281953052997272
1473,1837.1972292545079,9.3422065594563168,0.64685349609566045,0.87762657115686171,11.910347066011772
1471.5,1931.5448701258647,9.5495146037423613,0.66384735144966445,0.87955834659001619,12.534756937179385
1470,2025.0820730885862,9.7618966043022066,0.67964811380687729,0.88111721558966938,13.1551764121972
1468.5,2117.8098822252146,9.9789142795675048,0.69433742429862233,0.88235323325102477,13.771600052502864
1467,2209.7294680313985,10.200160162404195,0.70799360484652452,0.88330798893756923,14.384023220164474
1465.5,2300.8421244704691,10.425256158588603,0.72069113187237499,0.88401632276739184,14.99244206278539
1464,2391.1492660459071,10.653851961693181,0.73250031836918361,0.88450764074431076,15.596853498432939
1462.5,2480.6524248929718,10.885623391959408,0.74348715917755215,0.88480693391445153,16.197255200599514
1461,2569.3532478907518,11.120270711264144,0.75371330102545553,0.88493557645047793,16.79364558320448
1459.5,2657.2534937957571,11.357516953308256,0.76323610538304942,0.8849119566581195,17.386023785644554
1458,2744.3550303982147,11.597106297509546,0.77210877812800349,0.8847519803362125,17.974389657900602
1456.5,2830.6598317021335,11.838802506518537,0.78038054525042533,0.88446947563294387,18.558743745708224
1455,2916.1699751300971,12.082387440514065,0.78809685830153642,0.88407652117714386,19.139087275798946
1453.5,3000.887638753798,12.327659656192468,0.79529961702893492,0.88358371392887647,19.715422141219108
1452,3084.8150985511852,12.57443309437501,0.80202739970511705,0.8830003892852778,20.287750886732784
1450.5,3167.9547256910955,12.822535857185594,0.80831569412543525,0.88233480308416223,20.856076694315089
1449,3250.3089838461192,13.071809073589824,0.81419712421265777,0.88159428298472609,21.420403368741422
1447.5,3331.8804265345789,13.322105850564695,0.81970166870087335,0.88078535507255107,21.980735323279209
1446,3412.67169449212,13.573290306141025,0.82485686955750981,0.87991385029399483,22.537077565486115
1444.5,3492.6855130738581,13.825236679914156,0.82968802870538594,0.87898499437216593,23.089435683121796
1443,3571.9246896873765,14.077828516255652,0.83421839228383221,0.8780034841199289,23.637815830175899
1441.5,3650.3921112573971,14.330957915309392,0.83846932218668146,0.87697355249182241,24.182224713018719
1440,3728.0907417225526,14.584524846858098,0.84246045497428002,0.87589902426703015,24.722669576678115
